"building_id","registration_id","address","borough","zip","open_records_past_12_months","class_c","latest_approval","qualification","source"
"327072","353426","155 LINDEN BOULEVARD","BROOKLYN","11226","537","97","2026-10-02T00:00:00.000","UNVERIFIED - purchase intent not established","https://data.cityofnewyork.us/Housing-Development/Housing-Maintenance-Code-Violations/wvxf-dwi5"
"351727","322289","1939 PARK PLACE","BROOKLYN","11233","451","99","2026-09-16T00:00:00.000","UNVERIFIED - purchase intent not established","https://data.cityofnewyork.us/Housing-Development/Housing-Maintenance-Code-Violations/wvxf-dwi5"
"344337","332011","2501 NEWKIRK AVENUE","BROOKLYN","11226","450","65","2026-10-04T00:00:00.000","UNVERIFIED - purchase intent not established","https://data.cityofnewyork.us/Housing-Development/Housing-Maintenance-Code-Violations/wvxf-dwi5"
"259063","303823","1155 EAST 35 STREET","BROOKLYN","11210","435","138","2026-10-05T00:00:00.000","UNVERIFIED - purchase intent not established","https://data.cityofnewyork.us/Housing-Development/Housing-Maintenance-Code-Violations/wvxf-dwi5"
"349207","304691","321 OVINGTON AVENUE","BROOKLYN","11209","417","77","2026-10-07T00:00:00.000","UNVERIFIED - purchase intent not established","https://data.cityofnewyork.us/Housing-Development/Housing-Maintenance-Code-Violations/wvxf-dwi5"
"296978","303815","8501 FT HAMILTON PARKWAY","BROOKLYN","11209","399","197","2026-10-07T00:00:00.000","UNVERIFIED - purchase intent not established","https://data.cityofnewyork.us/Housing-Development/Housing-Maintenance-Code-Violations/wvxf-dwi5"
"221457","300025","85 CLARKSON AVENUE","BROOKLYN","11226","383","75","2026-09-25T00:00:00.000","UNVERIFIED - purchase intent not established","https://data.cityofnewyork.us/Housing-Development/Housing-Maintenance-Code-Violations/wvxf-dwi5"
"352206","325150","225 PARKSIDE AVENUE","BROOKLYN","11226","349","105","2026-10-06T00:00:00.000","UNVERIFIED - purchase intent not established","https://data.cityofnewyork.us/Housing-Development/Housing-Maintenance-Code-Violations/wvxf-dwi5"
"877800","379782","854 MYRTLE AVENUE","BROOKLYN","11206","322","95","2026-10-06T00:00:00.000","UNVERIFIED - purchase intent not established","https://data.cityofnewyork.us/Housing-Development/Housing-Maintenance-Code-Violations/wvxf-dwi5"
"282104","374829","60 EAST 93 STREET","BROOKLYN","11212","316","102","2026-10-05T00:00:00.000","UNVERIFIED - purchase intent not established","https://data.cityofnewyork.us/Housing-Development/Housing-Maintenance-Code-Violations/wvxf-dwi5"
"324278","303814","75 LENOX ROAD","BROOKLYN","11226","314","84","2026-09-23T00:00:00.000","UNVERIFIED - purchase intent not established","https://data.cityofnewyork.us/Housing-Development/Housing-Maintenance-Code-Violations/wvxf-dwi5"
"372153","315809","338 SOUTH 3 STREET","BROOKLYN","11211","309","96","2026-09-15T00:00:00.000","UNVERIFIED - purchase intent not established","https://data.cityofnewyork.us/Housing-Development/Housing-Maintenance-Code-Violations/wvxf-dwi5"
"327587","309922","912 LINDEN BOULEVARD","BROOKLYN","11203","294","107","2026-10-07T00:00:00.000","UNVERIFIED - purchase intent not established","https://data.cityofnewyork.us/Housing-Development/Housing-Maintenance-Code-Violations/wvxf-dwi5"
"296968","346325","8220 FT HAMILTON PARKWAY","BROOKLYN","11209","290","52","2026-10-01T00:00:00.000","UNVERIFIED - purchase intent not established","https://data.cityofnewyork.us/Housing-Development/Housing-Maintenance-Code-Violations/wvxf-dwi5"
"294879","356632","2325 FOSTER AVENUE","BROOKLYN","11210","285","98","2026-10-07T00:00:00.000","UNVERIFIED - purchase intent not established","https://data.cityofnewyork.us/Housing-Development/Housing-Maintenance-Code-Violations/wvxf-dwi5"
"343398","350079","1084 NEW YORK AVENUE","BROOKLYN","11203","284","36","2026-09-23T00:00:00.000","UNVERIFIED - purchase intent not established","https://data.cityofnewyork.us/Housing-Development/Housing-Maintenance-Code-Violations/wvxf-dwi5"
"809860","375940","2980 WEST 28 STREET","BROOKLYN","11224","265","117","2026-10-06T00:00:00.000","UNVERIFIED - purchase intent not established","https://data.cityofnewyork.us/Housing-Development/Housing-Maintenance-Code-Violations/wvxf-dwi5"
"347202","327122","1299 OCEAN AVENUE","BROOKLYN","11230","264","68","2026-10-05T00:00:00.000","UNVERIFIED - purchase intent not established","https://data.cityofnewyork.us/Housing-Development/Housing-Maintenance-Code-Violations/wvxf-dwi5"
"347747","301129","540 OCEAN AVENUE","BROOKLYN","11226","261","115","2026-10-07T00:00:00.000","UNVERIFIED - purchase intent not established","https://data.cityofnewyork.us/Housing-Development/Housing-Maintenance-Code-Violations/wvxf-dwi5"
"383480","302161","1933 UNION STREET","BROOKLYN","11233","257","78","2026-09-24T00:00:00.000","UNVERIFIED - purchase intent not established","https://data.cityofnewyork.us/Housing-Development/Housing-Maintenance-Code-Violations/wvxf-dwi5"
"212884","333208","2822 BRIGHTON 8 STREET","BROOKLYN","11235","255","69","2026-09-17T00:00:00.000","UNVERIFIED - purchase intent not established","https://data.cityofnewyork.us/Housing-Development/Housing-Maintenance-Code-Violations/wvxf-dwi5"
"287492","306860","1018 EASTERN PARKWAY","BROOKLYN","11213","254","114","2026-09-23T00:00:00.000","UNVERIFIED - purchase intent not established","https://data.cityofnewyork.us/Housing-Development/Housing-Maintenance-Code-Violations/wvxf-dwi5"
"346402","307118","2026 NOSTRAND AVENUE","BROOKLYN","11210","252","114","2026-10-02T00:00:00.000","UNVERIFIED - purchase intent not established","https://data.cityofnewyork.us/Housing-Development/Housing-Maintenance-Code-Violations/wvxf-dwi5"
"347783","329065","755 OCEAN AVENUE","BROOKLYN","11226","252","60","2026-10-04T00:00:00.000","UNVERIFIED - purchase intent not established","https://data.cityofnewyork.us/Housing-Development/Housing-Maintenance-Code-Violations/wvxf-dwi5"
"897068","384426","790 LAFAYETTE AVENUE","BROOKLYN","11221","243","77","2026-10-04T00:00:00.000","UNVERIFIED - purchase intent not established","https://data.cityofnewyork.us/Housing-Development/Housing-Maintenance-Code-Violations/wvxf-dwi5"
